{
	"format_version": "1.8.0",
	"animations": {
		"animation.southbird.idle": {
			"loop": true,
			"animation_length": 1,
			"bones": {
				"head": {
					"rotation": {
						"0.0": {
							"vector": [0, 180, 0]
						},
						"0.5": {
							"vector": [2.5, 180, 0],
							"easing": "easeOutSine"
						},
						"1.0": {
							"vector": [0, 180, 0],
							"easing": "easeInSine"
						}
					}
				},
				"LeftWing": {
					"rotation": {
						"vector": [0, 0, 0]
					}
				},
				"RightWing": {
					"rotation": {
						"vector": [0, 0, 0]
					},
					"position": {
						"vector": [0, 0, 0]
					}
				},
				"tail": {
					"rotation": {
						"0.0": {
							"vector": [0, 0, 0]
						},
						"0.5": {
							"vector": [7.5, 0, 0],
							"easing": "easeOutSine"
						},
						"1.0": {
							"vector": [0, 0, 0],
							"easing": "easeOutSine"
						}
					}
				},
				"lower mouth": {
					"rotation": {
						"0.0": {
							"vector": [0, 0, 0]
						},
						"0.5": {
							"vector": [2.5, 0, 0],
							"easing": "easeOutSine"
						},
						"1.0": {
							"vector": [0, 0, 0],
							"easing": "easeOutSine"
						}
					}
				}
			}
		},
		"animation.southbird.flying": {
			"loop": true,
			"animation_length": 1.5,
			"bones": {
				"body": {
					"rotation": {
						"0.0": [7.5, 0, 0],
						"0.75": [12.5, 0, 0],
						"1.5": [7.5, 0, 0]
					}
				},
				"head": {
					"rotation": {
						"0.0": [0, 180, 0],
						"0.75": [-2.5, 180, 0],
						"1.5": [0, 180, 0]
					}
				},
				"lower mouth": {
					"rotation": {
						"1.0833": [0, 0, 0],
						"1.2917": [2.5, 0, 0],
						"1.5": [0, 0, 0]
					}
				},
				"LeftWing": {
					"rotation": {
						"0.0": [-66.69143, 4.77299, -83.22932],
						"0.25": [-67.59776, -8.14872, -53.33073],
						"0.5": [-66.69143, 4.77299, -83.22932],
						"0.75": [-67.59776, -8.14872, -53.33073],
						"1.0": [-66.69143, 4.77299, -83.22932],
						"1.25": [-67.59776, -8.14872, -53.33073],
						"1.5": [-66.69143, 4.77299, -83.22932]
					},
					"position": [0, 0, 4]
				},
				"RightWing": {
					"rotation": {
						"0.0": [-66.69143, -4.77299, 83.22932],
						"0.25": [-67.59776, 8.14872, 53.33073],
						"0.5": [-66.69143, -4.77299, 83.22932],
						"0.75": [-67.59776, 8.14872, 53.33073],
						"1.0": [-66.69143, -4.77299, 83.22932],
						"1.25": [-67.59776, 8.14872, 53.33073],
						"1.5": [-66.69143, -4.77299, 83.22932]
					},
					"position": [0, 0, 4]
				},
				"tail": {
					"rotation": {
						"0.0": [0, 0, 0],
						"0.75": [-12.5, 0, 0],
						"1.5": [0, 0, 0]
					}
				},
				"LeftLeg": {
					"rotation": {
						"0.0": [42.5, 0, 0],
						"0.75": [55, 0, 0],
						"1.5": [42.5, 0, 0]
					}
				},
				"RightLeg": {
					"rotation": {
						"0.0": [42.5, 0, 0],
						"0.75": [55, 0, 0],
						"1.5": [42.5, 0, 0]
					}
				}
			}
		}
	},
	"geckolib_format_version": 2
}
